<?xml version="1.0" encoding="utf-8"?>
<rss xmlns:sparkle="http://www.andymatuschak.org/xml-namespaces/sparkle" xmlns:dc="http://purl.org/dc/elements/1.1/" version="2.0">
<channel>
<title>ImageAlpha</title>
<link>http://pngmini.com/appcast.xml</link>
<description>ImageAlpha updates</description>
<language>en</language>

<item>
<title>Version 1.5.0a1</title>
<description><![CDATA[
<ul>
  <li>Slow Python rendering code replaced with GPU-accelerated layers for super fast and smooth animations</li>
  <li>Upgraded to pngquant 2.5.0</li>
<ul>
]]></description>
<pubDate>Sun, 02 Aug 2015 09:58:02 +0000</pubDate>
<enclosure url="http://pngmini.com/ImageAlpha1.5.0a1.tar.bz2" sparkle:version="1.5.0a1" length="1389306" type="application/bzip2" sparkle:dsaSignature="MCwCFFzYvMDQkbYY2EBZr/EqFBbZpDNKAhQPfri7wJ5LBYIwd4NNg971GSqRvA=="/>
<sparkle:minimumSystemVersion>10.7.1</sparkle:minimumSystemVersion>
</item>

<item>
<title>Version 1.4.0</title>
<description><![CDATA[
<ul>
  <li>Colors/Quality label changes to match the selected tool</li>
  <li>Upgraded to pngquant 2.4.1</li>
<ul>
]]></description>
<pubDate>Sun, 28 Jun 2015 22:57:27 +0000</pubDate>
<enclosure url="http://pngmini.com/ImageAlpha1.4.0.tar.bz2" sparkle:version="1.4.0" length="1201842" type="application/bzip2" sparkle:dsaSignature="MC0CFQCUYGVjaG6tBU5gZX4oEf+5z2NOHQIUIjXOBhbYSDg1OI3DiABO5oaUG7Q="/>
<sparkle:minimumSystemVersion>10.8.4</sparkle:minimumSystemVersion>
</item>

<item>
<title>Version 1.3.5</title>
<description><![CDATA[
<ul>
  <li>Fixed <samp>Optimize with ImageOptim</samp> checkbox</li>
  <li>Upgraded to pngquant 2.0.0</li>
  <li><a href="http://pngmini.com/lossypng.html">New lossy PNG algorithm</a></li>
<ul>
]]></description>
<pubDate>Mon, 19 Aug 2013 18:47:30 +0100</pubDate>
<enclosure url="http://pngmini.com/ImageAlpha1.3.5.tar.bz2" sparkle:version="1.3.5" length="967878" type="application/bzip2" sparkle:dsaSignature="MCwCFEzpKFagUkYcv7j56XebHcvp229NAhQc6D6Sr5czoZXlGJvFdntpQ96EcQ=="/>
<sparkle:minimumSystemVersion>10.7.1</sparkle:minimumSystemVersion>

</item>

<item>
<title>Version 1.3.0</title>
<description><![CDATA[
<ul>
  <li>New UI layout based on design by Hiten Patel</li>
  <li>Upgraded posterizer (much better support for low alpha values)</li>
  <li>Upgraded to pngquant 1.8.4</li>
<ul>
]]></description>
<pubDate>Thu, 25 Jul 2013 02:05:51 +0100</pubDate>
<enclosure url="http://pngmini.com/ImageAlpha1.3.0.tar.bz2" sparkle:version="1.3.0.8" length="959130" type="application/bzip2" sparkle:dsaSignature="MCwCFAek9uCdjWPMKONlD6BB2rU9oOhyAhRGuprprhV4GtzDbj7nORCfCSSG6g=="/>
<sparkle:minimumSystemVersion>10.8.4</sparkle:minimumSystemVersion>
</item>

<item>
<title>Version 1.2.5</title>
<description><![CDATA[
<ul>
  <li>Fixed corruption of transparent pixels in median cut mode</li>
  <li>Added color profile support in posterizer</li>
  <li>Upgraded to pngquant 1.8.2</li>
  <li>Droppped support for Snow Leopard and 32-bit CPUs (sorry, Apple makes backwards compatibility annoyingly difficult)</li>
<ul>
]]></description>
<pubDate>Mon, 17 Dec 2012 23:12:57 +0000</pubDate>
<enclosure url="http://pngmini.com/ImageAlpha1.2.5.1.tar.bz2" sparkle:version="1.2.5.1" length="1033522" type="application/bzip2" sparkle:dsaSignature="MC4CFQCMkguuI1rpVTGi3xyd9sNsSDPy+AIVAIDodYPjLlXx29fjXRh8xtDPrcqE"/>
<sparkle:minimumSystemVersion>10.7.2</sparkle:minimumSystemVersion>
</item>

<item>
<title>Version 1.2.3</title>
<description><![CDATA[
<ul>
  <li>Performance improvements in pngquant to 1.7.1</li>
  <li>Restored compatibility with older CPUs</li>
  <li>New icon by <a href="http://www.fif7y.com/">Gab/FIF7Y</a></li>
</ul>
]]></description>
<pubDate>Sat, 11 Feb 2012 17:04:13 +0000</pubDate>
<enclosure url="http://pngmini.com/ImageAlpha1.2.3.tar.bz2" sparkle:version="1.2.3" length="959331" type="application/bzip2" sparkle:dsaSignature="MC0CFQCKEfeVpRRmEtW1lhONt3Wm3txCNAIULO5Ay03NekhF69weaG61ltTaG70="/>
<sparkle:minimumSystemVersion>10.6.4</sparkle:minimumSystemVersion>
</item>
</channel>
</rss>
